2016-06-24,27.5400009155,28.7390003204,26.0499992371,26.2999992371,down
2016-06-27,27.3500003815,28.1900005341,26.2999992371,27.25,up
2016-06-28,30.3999996185,33.4109992981,29.5699996948,29.9200000763,up
2016-06-29,31.9799995422,37.1899986267,31.75,37.0800018311,up
2016-06-30,39.6800003052,41.8899993896,34.7999992371,36.5,down
2016-07-01,36.9700012207,37.3400001526,33.6500015259,34.0299987793,down
2016-07-05,34.8699989319,35.4300003052,33.0699996948,34.0400009155,up
2016-07-06,33.4099998474,37.9300003052,33.2700004578,37.9300003052,up
2016-07-07,38.4099998474,38.6199989319,36.0,36.5099983215,down
2016-07-08,37.25,37.4000015259,35.25,35.5400009155,down
2016-07-11,36.2999992371,38.2999992371,35.7900009155,37.2999992371,up
2016-07-12,37.9900016785,38.9399986267,36.8149986267,38.2999992371,up
2016-07-13,41.2900009155,42.75,40.2099990845,42.25,up
2016-07-14,43.4000015259,44.7999992371,40.7999992371,41.75,down
2016-07-15,42.7400016785,43.75,41.2000007629,43.0,up
2016-07-18,41.25,42.4840011597,40.1500015259,41.0299987793,down
2016-07-19,40.5299987793,41.0,39.0400009155,39.0699996948,down
2016-07-20,39.5,42.5740013123,38.5099983215,41.7299995422,up
2016-07-21,41.7099990845,42.5499992371,39.8300018311,40.1199989319,down
2016-07-22,40.3199996948,41.7599983215,40.0999984741,40.8100013733,up
2016-07-25,40.7000007629,41.4900016785,39.5699996948,40.75,down
2016-07-26,40.5499992371,41.7820014954,39.75,40.3899993896,down
2016-07-27,40.9199981689,43.25,40.7700004578,42.5400009155,up
2016-07-28,42.9599990845,43.7000007629,41.0200004578,42.1699981689,down
2016-07-29,42.75,42.8810005188,40.5499992371,40.6300010681,down
2016-08-01,40.6300010681,41.6399993896,39.1100006104,39.3300018311,down
2016-08-02,39.0999984741,40.25,37.5,37.9300003052,down
2016-08-03,38.0999984741,39.0,37.2000007629,38.5499992371,up
2016-08-04,38.9000015259,41.0699996948,38.9000015259,40.5900001526,up
2016-08-05,40.9700012207,41.7200012207,40.75,41.4900016785,up
2016-08-08,42.7000007629,42.9199981689,40.5800018311,42.5,up
2016-08-09,44.3199996948,45.6899986267,41.3499984741,43.0099983215,up
2016-08-10,43.2200012207,43.9500007629,41.9000015259,43.6300010681,up
2016-08-11,43.4500007629,49.0,43.4500007629,48.7099990845,up
2016-08-12,49.0499992371,53.3699989319,48.5999984741,53.2900009155,up
2016-08-15,56.75,66.3990020752,55.1329994202,58.4700012207,up
2016-08-16,60.5699996948,64.1600036621,59.0600013733,59.3400001526,up
2016-08-17,60.9000015259,61.5,57.0499992371,58.8600006104,down
2016-08-18,59.1399993896,59.3600006104,54.1500015259,54.4000015259,down
2016-08-19,52.3199996948,56.4700012207,51.8499984741,54.8800010681,up
2016-08-22,56.2299995422,59.75,55.3400001526,58.6500015259,up
2016-08-23,60.1500015259,61.3499984741,55.7099990845,56.0800018311,down
2016-08-24,56.0800018311,58.0699996948,53.3499984741,53.5999984741,down
2016-08-25,54.25,55.0999984741,51.2569999695,51.9300003052,down
2016-08-26,51.9300003052,54.3300018311,49.611000061,54.25,up
2016-08-29,54.5499992371,56.0,53.2000007629,53.8199996948,down
2016-08-30,53.8499984741,54.9300003052,53.5099983215,53.7999992371,down
2016-08-31,53.9900016785,54.5900001526,52.1399993896,53.6199989319,down
2016-09-01,53.6100006104,56.7400016785,53.5999984741,54.3800010681,up
2016-09-02,54.9300003052,57.7400016785,54.9300003052,57.6199989319,up
2016-09-06,58.2400016785,60.6899986267,57.7910003662,59.1800003052,up
2016-09-07,60.2000007629,60.4000015259,56.3100013733,56.6300010681,down
2016-09-08,57.4000015259,58.4500007629,56.5099983215,57.4500007629,up
2016-09-09,57.0,58.0,55.0200004578,56.0,down
2016-09-12,55.0800018311,57.8800010681,54.5800018311,56.7000007629,up
2016-09-13,55.7799987793,56.75,53.5999984741,53.9700012207,down
2016-09-14,54.9700012207,55.0,52.7700004578,53.1199989319,down
2016-09-15,53.8800010681,54.8499984741,53.2599983215,54.0,up
2016-09-16,54.2999992371,56.9900016785,53.6599998474,56.75,up
2016-09-19,57.5400009155,59.4000015259,56.9000015259,57.2799987793,up
2016-09-20,57.8699989319,58.9889984131,56.5999984741,56.7599983215,down
2016-09-21,57.5,61.8499984741,56.8499984741,61.7000007629,up
2016-09-22,62.4500007629,66.4800033569,62.0299987793,64.9199981689,up
2016-09-23,64.4499969482,68.4000015259,63.7999992371,64.0699996948,down
2016-09-26,63.0,65.6800003052,62.3800010681,64.2399978638,up
2016-09-27,66.0,68.9899978638,65.5599975586,68.2200012207,up
2016-09-28,70.4899978638,70.9599990845,67.4400024414,68.9700012207,up
2016-09-29,69.1299972534,69.9000015259,68.1999969482,68.7200012207,down
2016-09-30,69.5,69.6100006104,63.0099983215,64.3600006104,down
2016-10-03,62.5,66.6399993896,62.4300003052,65.0199966431,up
2016-10-04,65.2600021362,65.7300033569,60.2599983215,60.9399986267,down
2016-10-05,62.0900001526,63.1399993896,61.0509986877,61.4700012207,up
2016-10-06,60.7200012207,62.7700004578,60.0719985962,60.6899986267,down
2016-10-07,61.3300018311,61.9799995422,59.2700004578,60.5800018311,down
2016-10-10,57.6300010681,58.9099998474,51.3899993896,52.0200004578,down
2016-10-11,54.4300003052,54.5999984741,51.3409996033,52.4399986267,up
2016-10-12,53.4599990845,53.5900001526,50.0400009155,50.7999992371,down
2016-10-13,49.8699989319,49.9500007629,47.0499992371,47.2400016785,down
2016-10-14,47.7999992371,49.5900001526,45.6800003052,46.1100006104,down
2016-10-17,45.3899993896,47.2179985046,44.3100013733,44.4500007629,down
2016-10-18,45.8899993896,48.9399986267,44.4109992981,47.7700004578,up
2016-10-19,48.0999984741,48.1800003052,45.5,46.5099983215,down
2016-10-20,45.7999992371,46.9490013123,43.5400009155,44.1399993896,down
2016-10-21,41.0,43.0999984741,40.1899986267,41.0600013733,down
2016-10-24,42.2000007629,42.7999992371,40.6399993896,40.7299995422,down
2016-10-25,40.7299995422,41.6300010681,38.5499992371,38.5999984741,down
2016-10-26,38.4199981689,40.4300003052,38.25,39.2400016785,up
2016-10-27,39.5200004578,39.75,36.7200012207,37.2599983215,down
2016-10-28,36.7900009155,37.7000007629,34.7400016785,35.4199981689,down
2016-10-31,35.4099998474,36.25,33.75,34.1199989319,down
2016-11-01,35.4000015259,36.7900009155,34.7099990845,35.8800010681,up
2016-11-02,35.7299995422,36.3699989319,33.4500007629,34.1500015259,down
2016-11-03,33.8699989319,34.5499992371,32.4099998474,32.5999984741,down
2016-11-04,34.1599998474,35.2000007629,31.5,31.5699996948,down
2016-11-07,32.9700012207,33.0999984741,30.4300003052,30.5200004578,down
2016-11-08,30.6000003815,31.8799991608,29.9200000763,31.4099998474,up
2016-11-09,30.3600006104,33.7000007629,30.2999992371,31.8099994659,up
2016-11-10,33.1399993896,34.0,30.7199993134,31.5,down
2016-11-11,31.0799999237,32.2799987793,31.0300006866,31.5599994659,up
2016-11-14,31.7099990845,32.9700012207,31.2099990845,31.3899993896,down
2016-11-15,31.7000007629,34.8499984741,31.3899993896,34.7299995422,up
2016-11-16,35.3899993896,37.8400001526,35.0,37.0499992371,up
2016-11-17,37.4199981689,37.4399986267,34.75,35.2099990845,down
2016-11-18,35.4099998474,36.8800010681,34.5499992371,36.8800010681,up
2016-11-21,37.5099983215,38.8800010681,36.5099983215,36.7999992371,down
2016-11-22,37.5999984741,38.2000007629,36.7999992371,37.3899993896,up
2016-11-23,37.0900001526,37.8499984741,35.5299987793,35.6800003052,down
2016-11-25,35.6800003052,35.8400001526,34.8499984741,35.0699996948,down
2016-11-28,34.8100013733,35.4900016785,33.7200012207,33.8499984741,down
2016-11-29,33.9900016785,34.2900009155,32.6599998474,33.6100006104,down
2016-11-30,33.0,35.2400016785,33.0,33.9199981689,up
2016-12-01,33.6599998474,33.7999992371,31.5400009155,31.8700008392,down
2016-12-02,31.5499992371,31.7399997711,30.3099994659,30.3799991608,down
2016-12-05,30.8899993896,31.6700000763,30.3500003815,30.7299995422,up
2016-12-06,30.8099994659,32.4900016785,30.8099994659,32.1399993896,up
2016-12-07,32.0,32.8699989319,30.9799995422,31.0200004578,down
2016-12-08,31.0499992371,31.7800006866,30.3400001526,30.6000003815,down
2016-12-09,30.6000003815,30.9500007629,29.1399993896,29.3400001526,down
2016-12-12,29.0400009155,29.5,28.3700008392,29.2299995422,down
2016-12-13,29.0,30.3700008392,29.0,29.2700004578,up
2016-12-14,29.2299995422,29.9400005341,29.0,29.5100002289,up
2016-12-15,29.6100006104,30.2099990845,29.25,29.6499996185,up
2016-12-16,29.8999996185,30.5300006866,28.7110004425,29.25,down
2016-12-19,29.2000007629,29.5,28.7099990845,29.1499996185,down
2016-12-20,29.6100006104,31.4899997711,28.6100006104,29.9200000763,up
2016-12-21,30.5,34.6800003052,30.2000007629,34.5900001526,up
2016-12-22,35.0699996948,35.1500015259,31.5200004578,31.7099990845,down
2016-12-23,32.1199989319,32.5999984741,31.5300006866,32.2200012207,up
2016-12-27,32.7000007629,33.0499992371,32.0499992371,32.6100006104,up
2016-12-28,32.4500007629,32.75,30.0300006866,30.2099990845,down
2016-12-29,30.0200004578,30.2399997711,28.8509998322,29.2700004578,down
2016-12-30,29.4200000763,29.9899997711,28.6499996185,28.8500003815,down
2017-01-03,29.25,29.4500007629,25.9799995422,26.5,down
2017-01-04,26.5499992371,27.75,26.2099990845,27.5100002289,up
2017-01-05,28.6000003815,28.75,27.4099998474,28.1000003815,up
2017-01-06,28.0599994659,28.7299995422,27.5599994659,27.6299991608,down
2017-01-09,27.7700004578,28.3500003815,27.2399997711,28.1000003815,up
2017-01-10,29.25,29.7000007629,27.7199993134,27.7900009155,down
2017-01-11,27.4500007629,28.0,27.3299999237,27.9400005341,up
2017-01-12,28.4599990845,28.7199993134,27.5590000153,27.8799991608,down
2017-01-13,27.8500003815,28.1100006104,27.4099998474,27.9599990845,up
2017-01-17,27.8999996185,28.0599994659,27.75,27.8500003815,down
2017-01-18,27.7700004578,27.8320007324,27.0300006866,27.5900001526,down
2017-01-19,27.7299995422,28.6800003052,27.4200000763,28.5599994659,up
2017-01-20,28.5499992371,29.0,28.0200004578,28.3799991608,down
2017-01-23,28.3799991608,28.7999992371,28.1509990692,28.5,up
2017-01-24,28.4699993134,29.4400005341,28.2199993134,28.7299995422,up
2017-01-25,29.1900005341,30.4699993134,28.8250007629,29.0499992371,up
2017-01-26,30.1499996185,30.5,29.3500003815,29.8500003815,up
2017-01-27,29.9200000763,29.9890003204,28.8500003815,29.4400005341,down
2017-01-30,29.4099998474,29.4099998474,28.2800006866,29.0100002289,down
2017-01-31,28.7000007629,28.9400005341,28.4300003052,28.8299999237,down
2017-02-01,29.7399997711,30.3649997711,29.3600006104,30.0499992371,up
2017-02-02,29.8700008392,30.8400001526,29.6200008392,30.1000003815,up
2017-02-03,30.1000003815,31.6000003815,30.0699996948,31.3700008392,up
2017-02-06,31.5,32.4199981689,31.2999992371,31.8199996948,up
2017-02-07,32.2999992371,32.3100013733,30.8299999237,30.9599990845,down
2017-02-08,31.7099990845,32.6899986267,29.75,31.4400005341,up
2017-02-09,31.4400005341,34.2400016785,30.75,32.8100013733,up
2017-02-10,31.7700004578,33.3899993896,31.5799999237,31.9599990845,down
2017-02-13,32.0600013733,34.9500007629,32.0600013733,34.9000015259,up
2017-02-14,33.8600006104,34.4399986267,32.8800010681,33.6500015259,down
2017-02-15,33.4000015259,33.8600006104,33.1100006104,33.4199981689,down
2017-02-16,33.6500015259,34.2799987793,32.7630004883,33.1699981689,down
2017-02-17,33.1699981689,33.3619995117,32.2000007629,32.3499984741,down
2017-02-21,32.4700012207,32.6300010681,31.3959999084,31.9599990845,down
2017-02-22,31.9099998474,32.4449996948,31.7350006104,32.1599998474,up
2017-02-23,32.3100013733,32.4900016785,31.3999996185,31.6700000763,down
2017-02-24,31.2800006866,32.2799987793,31.0100002289,32.2599983215,up
2017-02-27,32.0800018311,33.3300018311,31.8600006104,32.6399993896,up
2017-02-28,32.1599998474,32.2400016785,31.3299999237,31.7199993134,down
2017-03-01,32.0,32.4099998474,31.6700000763,32.3199996948,up
2017-03-02,32.0400009155,32.6599998474,30.7900009155,31.0300006866,down
2017-03-03,30.7399997711,30.8899993896,29.3509998322,29.8099994659,down
2017-03-06,30.3999996185,31.0300006866,29.8299999237,30.8899993896,up
2017-03-07,30.6499996185,31.3299999237,30.4899997711,30.7399997711,down
2017-03-08,30.8099994659,31.1599998474,30.5879993439,31.0799999237,up
2017-03-09,31.1000003815,31.8400001526,30.8500003815,31.3199996948,up
2017-03-10,31.4200000763,31.7099990845,31.0300006866,31.2299995422,down
2017-03-13,31.1499996185,32.6699981689,31.1000003815,32.0699996948,up
2017-03-14,31.9099998474,31.9500007629,30.7900009155,31.0699996948,down
2017-03-15,31.2099990845,31.3899993896,30.3439998627,31.2999992371,up
2017-03-16,31.3899993896,32.6220016479,31.2630004883,31.4099998474,up
2017-03-17,31.0900001526,31.7900009155,30.5100002289,31.0300006866,down
2017-03-20,31.0599994659,31.4899997711,30.7600002289,31.2000007629,up
2017-03-21,31.1200008392,31.3299999237,29.2299995422,29.6000003815,down
2017-03-22,29.6399993896,29.8899993896,28.9699993134,29.1700000763,down
2017-03-23,29.2399997711,29.5,28.9500007629,29.0499992371,down
2017-03-24,29.1000003815,29.5,28.8229999542,29.1900005341,up
2017-03-27,28.7999992371,29.8199996948,28.3600006104,29.6299991608,up
2017-03-28,29.5300006866,30.0599994659,29.2080001831,29.2700004578,down
2017-03-29,29.25,29.25,28.75,28.7800006866,down
2017-03-30,28.6700000763,28.8899993896,28.1200008392,28.6200008392,down
2017-03-31,28.4699993134,29.2600002289,28.2600002289,28.8700008392,up
2017-04-03,28.7600002289,28.8899993896,28.1900005341,28.6900005341,down
2017-04-04,28.5100002289,28.8500003815,26.9500007629,27.2700004578,down
2017-04-05,27.2700004578,27.7199993134,26.8199996948,26.9300003052,down
2017-04-06,26.9400005341,27.1399993896,26.7600002289,26.9300003052,down
2017-04-07,28.5,28.5499992371,27.7099990845,28.1700000763,up
2017-04-10,28.3099994659,28.8700008392,27.6499996185,28.4699993134,up
2017-04-11,28.4200000763,29.6299991608,28.1000003815,29.3500003815,up
2017-04-12,29.6700000763,30.1900005341,29.2000007629,29.5599994659,up
2017-04-13,29.4300003052,30.6399993896,29.3999996185,30.2900009155,up
2017-04-17,30.3299999237,30.8500003815,29.8400001526,30.7999992371,up
2017-04-18,30.5699996948,31.2099990845,30.2280006409,30.7999992371,down
2017-04-19,31.0900001526,32.25,31.0900001526,31.7600002289,up
2017-04-20,31.7199993134,32.3800010681,31.4599990845,31.6299991608,down
2017-04-21,31.4400005341,31.6310005188,30.3999996185,30.8199996948,down
2017-04-24,31.25,31.25,30.2099990845,30.9300003052,up
2017-04-25,30.8700008392,32.1300010681,30.7900009155,31.9300003052,up
2017-04-26,31.7600002289,32.5600013733,31.6499996185,32.2400016785,up
2017-04-27,32.2599983215,33.2900009155,32.25,32.8400001526,up
2017-04-28,32.7999992371,33.3600006104,32.7000007629,33.0499992371,up
2017-05-01,33.0999984741,34.4500007629,33.03099823,34.3899993896,up
2017-05-02,34.2299995422,34.4500007629,32.75,33.9399986267,down
2017-05-03,24.6000003815,26.4400005341,24.1499996185,25.0100002289,down
2017-05-04,25.5100002289,26.0200004578,24.8899993896,24.9599990845,down
2017-05-05,25.0100002289,25.2900009155,23.8799991608,23.9699993134,down
2017-05-08,23.75,24.1599998474,22.7999992371,23.8400001526,down
2017-05-09,23.7299995422,23.8400001526,23.1000003815,23.1700000763,down
2017-05-10,23.1800003052,23.7600002289,22.8999996185,23.4500007629,up
2017-05-11,23.1599998474,23.3269996643,23.0,23.2999992371,down
2017-05-12,24.2000007629,24.688999176,23.4500007629,24.0,up
2017-05-15,24.2600002289,24.3500003815,23.6800003052,24.2999992371,up
2017-05-16,24.5,25.3199996948,24.4599990845,24.8799991608,up
2017-05-17,24.6700000763,25.1599998474,24.6200008392,24.8099994659,down
2017-05-18,24.75,25.1399993896,24.0900001526,24.3700008392,down
2017-05-19,24.3600006104,25.4200000763,24.1499996185,25.1599998474,up
2017-05-22,25.0100002289,25.5,24.8400001526,24.9599990845,down
2017-05-23,25.1700000763,25.6000003815,24.9090003967,25.5599994659,up
2017-05-24,25.4400005341,26.6599998474,25.4200000763,26.0499992371,up
2017-05-25,25.6700000763,25.8999996185,24.7900009155,25.0,down
2017-05-26,25.0599994659,25.4500007629,24.9400005341,25.0100002289,up
2017-05-30,24.9500007629,25.0,24.3680000305,24.5,down
2017-05-31,24.4599990845,24.5,23.6200008392,24.3099994659,down
2017-06-01,24.3899993896,24.4699993134,23.8299999237,24.1499996185,down
2017-06-02,24.1399993896,25.0100002289,24.1000003815,24.8500003815,up
2017-06-05,24.8099994659,25.4899997711,24.5550003052,24.9500007629,up
2017-06-06,24.9400005341,25.9200000763,24.6000003815,25.5400009155,up
2017-06-07,25.4599990845,25.9699993134,25.1599998474,25.25,down
2017-06-08,25.0599994659,25.5400009155,24.9200000763,25.4899997711,up
2017-06-09,25.4099998474,25.8700008392,24.3700008392,24.6399993896,down
2017-06-12,24.2900009155,24.7700004578,23.954000473,24.7700004578,up
2017-06-13,24.8099994659,25.8799991608,24.8099994659,25.4899997711,up
2017-06-14,25.3999996185,26.1800003052,25.2700004578,25.7099990845,up
2017-06-15,25.4400005341,26.2099990845,25.3299999237,25.8500003815,up
2017-06-16,25.8500003815,27.0,25.8500003815,26.8700008392,up
2017-06-19,27.4699993134,28.75,27.4699993134,28.3700008392,up
2017-06-20,28.5,28.9799995422,27.1100006104,27.6900005341,down
2017-06-21,27.8299999237,28.3700008392,27.795999527,28.3199996948,up
2017-06-22,28.1800003052,29.3799991608,28.1299991608,28.75,up
2017-06-23,28.8099994659,29.8999996185,28.8099994659,29.7099990845,up
2017-06-26,29.7999992371,29.8899993896,28.4300003052,28.9400005341,down
2017-06-27,29.1499996185,29.7999992371,28.4090003967,28.6000003815,down
2017-06-28,28.9599990845,29.7700004578,28.7399997711,29.5,up
2017-06-29,29.1100006104,29.6599998474,28.25,29.0,down
2017-06-30,29.0,29.6499996185,28.7800006866,29.1100006104,up
2017-07-03,29.1000003815,29.25,28.6800003052,28.9699993134,down
2017-07-05,28.9500007629,29.2399997711,28.3099994659,29.0699996948,up
2017-07-06,28.6700000763,28.8700008392,28.0900001526,28.3099994659,down
2017-07-07,28.4300003052,28.8199996948,28.1800003052,28.4300003052,up
2017-07-10,28.3500003815,29.0499992371,28.2900009155,28.75,up
2017-07-11,29.2700004578,29.6299991608,29.0200004578,29.3199996948,up
2017-07-12,29.6800003052,29.75,29.3600006104,29.4599990845,up
2017-07-13,29.6700000763,30.0499992371,29.1700000763,29.4799995422,up
2017-07-14,29.6200008392,29.6800003052,28.8799991608,29.2299995422,down
2017-07-17,29.1800003052,30.6200008392,29.1100006104,30.4500007629,up
2017-07-18,30.4500007629,31.0230007172,30.0200004578,30.4099998474,down
2017-07-19,30.75,31.7600002289,30.5300006866,31.4899997711,up
2017-07-20,31.5799999237,32.2299995422,30.8299999237,31.0599994659,down
2017-07-21,31.1399993896,31.7789993286,30.4799995422,30.9300003052,down
2017-07-24,31.0799999237,31.2399997711,30.6779994965,30.9899997711,up
2017-07-25,31.0400009155,31.9699993134,31.0,31.3999996185,up
2017-07-26,31.4899997711,31.75,31.2800006866,31.5,up
2017-07-27,31.5100002289,31.6299991608,29.7000007629,30.1499996185,down
2017-07-28,29.9500007629,30.4799995422,29.7719993591,29.9099998474,down
2017-07-31,30.0,30.3500003815,28.5499992371,29.1700000763,down
2017-08-01,29.3099994659,29.6599998474,28.7000007629,28.9899997711,down
2017-08-02,29.0400009155,29.0400009155,27.9300003052,28.3999996185,down
2017-08-03,28.3999996185,29.2099990845,28.2600002289,28.8500003815,up
2017-08-04,28.9899997711,29.3899993896,28.7299995422,29.2099990845,up
2017-08-07,29.5200004578,30.6700000763,29.5,30.5300006866,up
2017-08-08,34.1899986267,34.7400016785,32.4099998474,33.5800018311,up
2017-08-09,33.0600013733,33.6199989319,32.9300003052,33.0,down
2017-08-10,32.3300018311,32.4000015259,30.0699996948,30.2800006866,down
2017-08-11,30.2000007629,31.8899993896,29.7600002289,31.3799991608,up
2017-08-14,31.7999992371,32.0,31.0599994659,31.4099998474,up
2017-08-15,31.2700004578,31.4899997711,30.7800006866,31.0,down
2017-08-16,31.0599994659,31.6900005341,31.0,31.0599994659,up
2017-08-17,31.0300006866,31.2399997711,30.25,30.3199996948,down
2017-08-18,30.2000007629,30.5,29.6800003052,29.9099998474,down
2017-08-21,29.8299999237,30.0400009155,28.8299999237,29.2099990845,down
2017-08-22,29.2199993134,29.2649993896,28.2099990845,29.0499992371,down
2017-08-23,28.7999992371,29.2000007629,28.6900005341,28.9799995422,down
2017-08-24,29.3299999237,29.6000003815,28.9500007629,29.3199996948,up
2017-08-25,29.2999992371,29.4500007629,28.5200004578,28.9300003052,down
2017-08-28,29.0499992371,29.1650009155,28.4400005341,28.5900001526,down
2017-08-29,28.3199996948,29.2700004578,28.25,28.9899997711,up
2017-08-30,29.1000003815,29.3899993896,28.8519992828,29.2299995422,up
2017-08-31,29.25,29.7399997711,28.9500007629,29.2800006866,up
2017-09-01,29.3500003815,29.6949996948,28.7999992371,28.9599990845,down
2017-09-05,28.7800006866,29.4300003052,28.4300003052,29.3500003815,up
2017-09-06,29.2600002289,30.1940002441,29.1700000763,29.8799991608,up
2017-09-07,29.9099998474,30.2800006866,29.5,29.7299995422,down
2017-09-08,29.6399993896,30.2800006866,29.5230007172,29.7700004578,up
2017-09-11,30.0599994659,30.75,30.0270004272,30.6499996185,up
2017-09-12,30.7199993134,31.0400009155,30.0900001526,30.2299995422,down
2017-09-13,30.2900009155,31.1100006104,30.2900009155,30.6200008392,up
2017-09-14,30.5799999237,31.2800006866,30.5300006866,31.0400009155,up
2017-09-15,30.9400005341,31.6299991608,30.5300006866,30.8799991608,down
2017-09-18,30.8700008392,31.6599998474,30.8500003815,31.1399993896,up
2017-09-19,31.4699993134,31.5419998169,30.9500007629,31.0400009155,down
2017-09-20,30.9699993134,30.9710006714,30.3150005341,30.5100002289,down
2017-09-21,30.5799999237,30.9699993134,30.0499992371,30.5,down
2017-09-22,30.25,31.1599998474,30.25,30.8299999237,up
2017-09-25,30.8899993896,30.8899993896,29.0599994659,29.4699993134,down
2017-09-26,29.6299991608,29.8999996185,26.8600006104,27.5200004578,down
2017-09-27,30.0300006866,30.3799991608,28.7600002289,29.1399993896,up
2017-09-28,29.0300006866,29.7000007629,28.6000003815,29.6800003052,up
2017-09-29,29.6000003815,30.0,29.5200004578,29.8500003815,up
2017-10-02,29.8700008392,30.9899997711,29.8500003815,30.8700008392,up
2017-10-03,31.0200004578,31.7600002289,30.8700008392,31.5699996948,up
2017-10-04,31.6299991608,31.9699993134,31.2609996796,31.3700008392,down
2017-10-05,31.6700000763,32.2200012207,31.6100006104,32.1599998474,up
2017-10-06,31.8899993896,32.8499984741,31.7310009003,32.3499984741,up
2017-10-09,32.3499984741,32.9500007629,32.2000007629,32.2299995422,down
2017-10-10,32.4700012207,32.8800010681,31.7900009155,32.1300010681,down
2017-10-11,32.1300010681,32.75,31.9099998474,32.6699981689,up
2017-10-12,32.6699981689,32.8699989319,31.9799995422,32.1199989319,down
2017-10-13,32.2099990845,32.6800003052,31.8500003815,32.5800018311,up
2017-10-16,32.5999984741,32.7799987793,31.8799991608,31.9400005341,down
2017-10-17,31.8700008392,32.1199989319,31.6299991608,31.7399997711,down
2017-10-18,31.8999996185,31.8999996185,31.1700000763,31.6100006104,down
2017-10-19,31.2000007629,31.797000885,30.7299995422,31.4400005341,down
2017-10-20,31.8600006104,33.0690002441,31.4699993134,32.6199989319,up
2017-10-23,32.6199989319,33.0600013733,31.8299999237,31.8500003815,down
2017-10-24,32.1699981689,32.2000007629,31.75,31.8999996185,up
2017-10-25,31.75,32.0900001526,31.2199993134,31.2700004578,down
2017-10-26,31.4400005341,31.7700004578,31.1299991608,31.3899993896,up
2017-10-27,31.7600002289,32.0999984741,31.2900009155,31.9899997711,up
2017-10-30,31.8999996185,32.4799995422,31.7000007629,31.8799991608,down
2017-10-31,32.0,32.2480010986,31.7900009155,31.9500007629,up
2017-11-01,32.0800018311,32.1990013123,31.4200000763,31.5100002289,down
2017-11-02,31.5100002289,31.5100002289,29.8199996948,30.3400001526,down
2017-11-03,30.3500003815,30.7399997711,29.6299991608,30.2399997711,down
2017-11-06,30.1299991608,30.4200000763,29.7549991608,29.8799991608,down
2017-11-07,29.7999992371,29.8899993896,28.0499992371,28.3799991608,down
2017-11-08,28.3799991608,28.4699993134,27.1599998474,27.8299999237,down
2017-11-09,28.5,28.5,25.5200004578,25.9300003052,down
2017-11-10,25.8400001526,26.25,25.1599998474,25.5499992371,down
2017-11-13,25.2999992371,26.3999996185,25.2099990845,26.3999996185,up
2017-11-14,26.1800003052,26.2490005493,25.3600006104,25.8199996948,down
2017-11-15,25.2900009155,25.75,25.2299995422,25.2900009155,down
2017-11-16,25.5699996948,26.2000007629,25.3799991608,26.1100006104,up
2017-11-17,26.0900001526,26.3799991608,25.6000003815,25.6800003052,down
2017-11-20,25.6800003052,26.2000007629,25.531999588,26.0699996948,up
2017-11-21,26.0699996948,26.2600002289,25.75,25.9099998474,down
2017-11-22,25.8400001526,26.2000007629,25.7700004578,26.1299991608,up
2017-11-24,26.2600002289,26.6100006104,26.0900001526,26.2900009155,up
2017-11-27,26.1700000763,26.5699996948,25.7999992371,25.8199996948,down
2017-11-28,25.8500003815,26.4449996948,25.0,26.4200000763,up
2017-11-29,26.4500007629,26.5499992371,25.3999996185,26.2299995422,down
2017-11-30,26.2600002289,27.1800003052,26.1499996185,26.6599998474,up
2017-12-01,26.6800003052,26.9799995422,25.9799995422,26.0699996948,down
2017-12-04,26.3199996948,26.7460002899,25.4200000763,25.7099990845,down
2017-12-05,25.8999996185,25.9370002747,24.9449996948,24.9899997711,down
2017-12-06,24.2649993896,25.1340007782,23.5400009155,24.0699996948,down
2017-12-07,24.7999992371,25.0049991608,24.0699996948,24.7999992371,up
2017-12-08,25.1200008392,25.2490005493,24.5900001526,24.7399997711,down
2017-12-11,24.7999992371,25.2800006866,24.7999992371,24.8199996948,up
2017-12-12,24.9400005341,25.4300003052,24.6599998474,25.1399993896,up
2017-12-13,25.2600002289,25.5799999237,25.1399993896,25.3299999237,up
2017-12-14,25.3199996948,25.5499992371,25.1599998474,25.1700000763,down
2017-12-15,25.2700004578,25.4799995422,25.0200004578,25.3799991608,up
2017-12-18,25.6100006104,25.7299995422,25.3199996948,25.3999996185,up
2017-12-19,25.3999996185,25.5400009155,24.7299995422,25.0100002289,down
2017-12-20,24.9599990845,25.2900009155,24.6599998474,25.0900001526,up
2017-12-21,25.1000003815,25.1700000763,24.25,24.3299999237,down
2017-12-22,24.4099998474,24.9799995422,24.2600002289,24.8099994659,up
2017-12-26,24.7999992371,25.0300006866,24.5599994659,24.7199993134,down
2017-12-27,24.6499996185,24.8600006104,24.3600006104,24.5100002289,down
2017-12-28,24.6100006104,24.8700008392,24.2600002289,24.3799991608,down
2017-12-29,24.4099998474,24.6000003815,23.6000003815,23.6000003815,down
2018-01-02,24.1299991608,25.2600002289,24.1000003815,25.1000003815,up
2018-01-03,25.1800003052,25.9200000763,25.0499992371,25.6900005341,up
2018-01-04,25.9500007629,26.2999992371,25.5499992371,25.6800003052,down
2018-01-05,25.8199996948,25.9799995422,25.5849990845,25.7600002289,up
2018-01-08,25.7600002289,26.25,25.5799999237,26.1700000763,up
2018-01-09,26.3199996948,26.8299999237,25.7099990845,25.75,down
2018-01-10,25.7099990845,25.9500007629,25.5200004578,25.6399993896,down
2018-01-11,25.7600002289,26.1779994965,25.7099990845,26.0300006866,up
2018-01-12,26.0699996948,26.2000007629,25.7000007629,26.1599998474,up
2018-01-16,26.4699993134,26.8600006104,25.1599998474,25.3299999237,down
2018-01-17,25.6900005341,25.6900005341,25.1000003815,25.3999996185,up
2018-01-18,25.3899993896,25.8700008392,25.2099990845,25.6800003052,up
2018-01-19,25.6800003052,25.8999996185,25.3789997101,25.7099990845,up
2018-01-22,25.7199993134,26.2399997711,25.5900001526,26.2399997711,up
2018-01-23,26.2900009155,26.7549991608,26.0100002289,26.6299991608,up
2018-01-24,26.7800006866,27.4599990845,26.2999992371,26.9099998474,up
2018-01-25,27.0499992371,27.1399993896,26.2700004578,26.5200004578,down
2018-01-26,26.6800003052,26.9799995422,26.3199996948,26.5300006866,up
2018-01-29,26.5400009155,26.7800006866,26.2600002289,26.3899993896,down
2018-01-30,26.0300006866,26.3400001526,25.7789993286,26.1000003815,down
2018-01-31,26.2800006866,26.7299995422,26.0799999237,26.2399997711,up
2018-02-01,26.0,26.3299999237,25.7700004578,26.0599994659,down
2018-02-02,25.9500007629,26.0100002289,25.3999996185,25.5499992371,down
2018-02-05,25.2000007629,25.5699996948,24.3199996948,24.4400005341,down
2018-02-06,23.7199993134,24.8299999237,23.4400005341,24.6399993896,up
2018-02-07,24.6000003815,24.9699993134,24.25,24.3600006104,down
2018-02-08,24.8099994659,24.8199996948,23.8999996185,23.9099998474,down
2018-02-09,24.1499996185,24.7000007629,23.25,24.5200004578,up
2018-02-12,24.7299995422,25.8799991608,24.6299991608,25.7900009155,up
2018-02-13,25.8299999237,26.7049999237,25.5400009155,26.4400005341,up
2018-02-14,29.0900001526,32.0,28.5900001526,30.7199993134,up
2018-02-15,30.7999992371,32.5800018311,30.7000007629,32.1300010681,up
2018-02-16,31.5499992371,33.4500007629,30.8899993896,33.0900001526,up
2018-02-20,32.8600006104,33.8800010681,32.6500015259,33.0099983215,down
2018-02-21,33.0,33.7799987793,32.5900001526,33.0600013733,up
2018-02-22,33.3300018311,33.5699996948,32.25,32.4399986267,down
2018-02-23,32.6800003052,33.5400009155,32.6399993896,33.5200004578,up
2018-02-26,33.5,34.2799987793,32.7599983215,33.8800010681,up
2018-02-27,33.5999984741,34.6800003052,33.3400001526,34.4399986267,up
2018-02-28,34.5600013733,35.4500007629,34.0900001526,34.1599998474,down
2018-03-01,34.7999992371,35.2999992371,34.2299995422,34.9599990845,up
2018-03-02,34.6899986267,37.6300010681,34.3100013733,37.3300018311,up
2018-03-05,37.1500015259,38.9900016785,36.7299995422,38.2299995422,up
2018-03-06,38.2299995422,38.5800018311,36.8600006104,38.3199996948,up
2018-03-07,37.4000015259,39.6500015259,37.2550010681,39.2299995422,up
2018-03-08,39.4300003052,39.5,38.6599998474,38.8499984741,down
2018-03-09,39.4099998474,39.9300003052,38.8400001526,39.5099983215,up
2018-03-12,39.6699981689,41.3800010681,39.6500015259,41.0099983215,up
2018-03-13,41.0800018311,41.9399986267,38.9500007629,39.5699996948,down
2018-03-14,40.0,40.8899993896,39.3499984741,40.7900009155,up
2018-03-15,41.0,41.2000007629,39.9300003052,40.7799987793,down
2018-03-16,40.6699981689,41.3800010681,40.4000015259,41.0200004578,up
2018-03-19,40.5600013733,41.2900009155,39.5250015259,40.3100013733,down
2018-03-20,40.3400001526,41.2200012207,39.9000015259,40.8899993896,up
2018-03-21,40.8899993896,42.2299995422,40.5209999084,41.2999992371,up
2018-03-22,40.7299995422,42.4099998474,40.3009986877,41.6500015259,up
2018-03-23,41.7299995422,41.7299995422,39.9300003052,39.9300003052,down
2018-03-26,40.5800018311,42.1399993896,39.9399986267,42.0600013733,up
2018-03-27,42.3699989319,42.5390014648,35.8899993896,38.7299995422,down
2018-03-28,38.6100006104,38.9700012207,36.7599983215,37.4300003052,down
2018-03-29,37.6399993896,38.6699981689,37.0099983215,38.1800003052,up
2018-04-02,37.8499984741,38.5099983215,36.4500007629,36.6500015259,down
2018-04-03,37.1300010681,37.5600013733,36.3300018311,37.3199996948,up
2018-04-04,36.2400016785,38.4700012207,36.0699996948,38.2900009155,up
2018-04-05,38.7999992371,39.0900001526,37.6599998474,38.0900001526,down
2018-04-06,37.6300010681,38.3660011292,36.6800003052,37.0400009155,down
2018-04-09,37.4799995422,38.3899993896,36.7799987793,36.8699989319,down
2018-04-10,38.0,38.8300018311,37.125,38.2099990845,up
2018-04-11,38.2400016785,40.1500015259,38.0,38.9700012207,up
2018-04-12,39.5,39.7900009155,38.6500015259,39.7000007629,up
2018-04-13,39.8800010681,40.1800003052,38.6500015259,39.2099990845,down
2018-04-16,39.3600006104,39.7599983215,38.8199996948,39.5099983215,up
2018-04-17,39.8800010681,41.3540000916,39.8199996948,41.1699981689,up
2018-04-18,41.4099998474,42.5050010681,40.9599990845,42.3400001526,up
2018-04-19,42.25,42.3100013733,41.6100006104,42.1100006104,down
2018-04-20,41.7999992371,42.3899993896,41.0,41.2200012207,down
2018-04-23,41.4099998474,41.7989997864,40.8709983826,41.4000015259,up
2018-04-24,41.6599998474,41.9700012207,39.7350006104,40.6199989319,down
2018-04-25,40.5400009155,41.3600006104,39.5900001526,41.2799987793,up
2018-04-26,41.5200004578,42.6500015259,41.1199989319,42.3899993896,up
2018-04-27,42.7400016785,42.8800010681,41.1300010681,41.6500015259,down
2018-04-30,41.8100013733,42.3699989319,41.4099998474,42.2099990845,up
2018-05-01,41.9300003052,42.9650001526,41.6800003052,42.5499992371,up
2018-05-02,42.6399993896,44.7400016785,42.6399993896,43.2200012207,up
2018-05-03,43.0,43.8499984741,41.4300003052,43.7099990845,up
2018-05-04,43.5,44.6199989319,43.0,43.5,down
2018-05-07,43.8199996948,44.5099983215,43.25,44.0900001526,up
2018-05-08,44.0499992371,44.6899986267,43.6399993896,44.3499984741,up
2018-05-09,48.1500015259,53.5499992371,48.1500015259,52.4099998474,up
2018-05-10,52.4399986267,55.2000007629,51.6599998474,54.9099998474,up
2018-05-11,53.9399986267,54.9399986267,53.1300010681,53.5800018311,down
2018-05-14,53.3899993896,56.0,52.1800003052,52.5200004578,down
2018-05-15,51.2900009155,53.4500007629,50.5699996948,53.1300010681,up
2018-05-16,52.8800010681,54.4700012207,52.5800018311,53.7200012207,up
2018-05-17,53.75,54.4799995422,53.3400001526,53.7299995422,up
2018-05-18,53.5699996948,55.7900009155,53.5699996948,55.1399993896,up
2018-05-21,55.6800003052,56.6599998474,54.5499992371,55.2400016785,up
2018-05-22,55.9000015259,55.9189987183,53.8600006104,53.9300003052,down
2018-05-23,53.1599998474,53.2000007629,51.8800010681,52.5400009155,down
2018-05-24,52.5,53.3400001526,51.8199996948,53.2200012207,up
2018-05-25,53.0299987793,53.5800018311,52.7900009155,53.25,up
2018-05-29,52.8899993896,54.4650001526,52.8499984741,53.9700012207,up
2018-05-30,54.0,54.3989982605,53.5499992371,54.0299987793,up
2018-05-31,54.2099990845,55.0,53.8100013733,53.9700012207,down
2018-06-01,54.5499992371,57.7099990845,54.3450012207,57.4799995422,up
2018-06-04,57.3800010681,57.6990013123,55.8300018311,57.4700012207,down
2018-06-05,57.7599983215,58.4099998474,56.8600006104,57.4799995422,up
2018-06-06,57.5499992371,58.7949981689,57.3499984741,58.7200012207,up
2018-06-07,58.8600006104,59.0,55.0909996033,56.4000015259,down
2018-06-08,56.1500015259,58.2999992371,56.0299987793,58.0600013733,up
2018-06-11,58.1899986267,58.5439987183,57.1699981689,58.1199989319,up
2018-06-12,58.3400001526,60.1399993896,58.3400001526,59.9700012207,up
2018-06-13,60.1599998474,60.3499984741,58.8800010681,59.5600013733,down
2018-06-14,59.7400016785,60.2400016785,58.8199996948,59.0,down
2018-06-15,58.6100006104,60.0,58.0400009155,59.9500007629,up
2018-06-18,59.1199989319,62.3400001526,58.4000015259,61.6100006104,up
2018-06-19,60.2700004578,61.2789993286,57.0800018311,59.7999992371,down
2018-06-20,60.0299987793,61.1300010681,59.3499984741,59.5200004578,down
2018-06-21,59.9000015259,59.9000015259,56.4000015259,56.9599990845,down
2018-06-22,57.5299987793,57.5499992371,53.8899993896,55.25,down
2018-06-25,55.25,56.1500015259,53.1699981689,54.4700012207,down
2018-06-26,55.0,57.3100013733,54.1599998474,57.2999992371,up
2018-06-27,58.5,59.9799995422,54.2200012207,54.2999992371,down
2018-06-28,55.0,56.1920013428,53.3699989319,55.8400001526,up
2018-06-29,56.4300003052,56.8300018311,55.3600006104,56.0200004578,up
2018-07-02,55.25,56.8499984741,54.5009994507,56.8499984741,up
2018-07-03,56.9300003052,57.2700004578,55.7299995422,56.1699981689,down
2018-07-05,56.6100006104,57.4700012207,56.4900016785,57.0,up
2018-07-06,56.8699989319,58.5800018311,56.4399986267,58.4700012207,up
2018-07-09,59.4700012207,59.4700012207,57.3909988403,58.7900009155,up
2018-07-10,59.3499984741,59.7700004578,58.2700004578,58.6899986267,down
2018-07-11,58.5099983215,59.4150009155,58.2799987793,58.7299995422,up
2018-07-12,59.3199996948,61.6899986267,59.0299987793,61.4000015259,up
2018-07-13,61.5999984741,62.3899993896,60.1100006104,61.1399993896,down
2018-07-16,61.1199989319,61.7799987793,60.7999992371,61.1399993896,down
2018-07-17,60.5099983215,65.0100021362,60.3300018311,65.0,up
2018-07-18,65.0,65.3700027466,63.4399986267,63.9599990845,down
2018-07-19,64.0,64.1999969482,62.6199989319,62.8800010681,down
2018-07-20,62.9399986267,63.2400016785,62.2000007629,62.6599998474,down
2018-07-23,62.6599998474,64.1900024414,61.8800010681,63.9099998474,up
2018-07-24,64.5,64.75,61.0600013733,62.0600013733,down
2018-07-25,62.0900001526,64.5159988403,61.7599983215,64.1399993896,up
2018-07-26,63.2000007629,64.4700012207,62.2299995422,64.0299987793,down
2018-07-27,64.0800018311,64.8499984741,59.3400001526,60.7099990845,down
2018-07-30,60.4099998474,60.9799995422,56.1300010681,58.0,down
2018-07-31,57.7799987793,58.6899986267,55.5800018311,57.8899993896,down
2018-08-01,57.9000015259,59.4199981689,57.3100013733,59.2999992371,up
2018-08-02,58.8800010681,62.4949989319,58.5099983215,62.25,up
2018-08-03,62.5,62.8899993896,60.7999992371,62.0,down
2018-08-06,62.0499992371,63.5870018005,62.0099983215,63.2700004578,up
2018-08-07,74.75,77.3099975586,72.2399978638,75.0999984741,up
2018-08-08,74.0599975586,76.9700012207,73.0810012817,73.8700027466,down
2018-08-09,74.5,79.1999969482,74.0,77.9199981689,up
2018-08-10,77.0699996948,79.4700012207,76.5999984741,77.4899978638,down
2018-08-13,77.4000015259,78.0899963379,73.7600021362,74.1699981689,down
2018-08-14,74.8499984741,76.9899978638,74.0999984741,76.75,up
2018-08-15,73.1399993896,75.8799972534,73.1100006104,74.6299972534,down
2018-08-16,75.9300003052,76.7300033569,75.2880020142,75.6999969482,up
2018-08-17,75.6999969482,77.6500015259,74.5199966431,77.4899978638,up
2018-08-20,77.5999984741,78.9400024414,76.6299972534,78.0500030518,up
2018-08-21,78.0,78.0,75.5,75.7900009155,down
2018-08-22,75.8899993896,76.6900024414,75.2099990845,76.4400024414,up
2018-08-23,77.1299972534,81.4300003052,76.6650009155,80.5500030518,up
2018-08-24,81.7799987793,82.7799987793,80.1399993896,81.1600036621,up
2018-08-27,81.5,81.9800033569,79.8379974365,80.3099975586,down
2018-08-28,80.8000030518,81.5400009155,79.8199996948,80.2200012207,down
2018-08-29,80.1699981689,81.7300033569,79.8899993896,80.9899978638,up
2018-08-30,80.8000030518,81.5599975586,79.6699981689,79.9899978638,down
2018-08-31,79.5100021362,81.1999969482,79.5100021362,80.6600036621,up
2018-09-04,82.2699966431,87.9100036621,81.0400009155,87.1100006104,up
2018-09-05,86.7099990845,86.9000015259,79.6800003052,81.7099990845,down
2018-09-06,82.0,82.4899978638,78.9199981689,80.5,down
2018-09-07,80.0,84.8300018311,79.7099990845,82.3199996948,up
2018-09-10,82.5100021362,84.6800003052,81.7300033569,84.3099975586,up
2018-09-11,83.8099975586,87.2200012207,83.5110015869,85.2900009155,up
2018-09-12,85.9000015259,86.2119979858,81.5,85.0100021362,down
2018-09-13,85.2200012207,86.8199996948,84.0,85.3099975586,up
2018-09-14,85.7699966431,87.5,85.5800018311,87.2799987793,up
2018-09-17,87.0100021362,87.2399978638,83.0100021362,84.4100036621,down
2018-09-18,84.3499984741,86.8000030518,84.3199996948,85.3799972534,up
2018-09-19,85.3099975586,86.4800033569,81.3000030518,82.8700027466,down
2018-09-20,83.3000030518,85.1600036621,81.1800003052,84.8300018311,up
2018-09-21,85.3099975586,86.2389984131,83.2699966431,83.7300033569,down
2018-09-24,82.3499984741,84.3899993896,80.7699966431,83.3600006104,down
2018-09-25,83.8700027466,87.9700012207,83.6800003052,87.6999969482,up
2018-09-26,88.0899963379,88.8799972534,84.5500030518,84.7900009155,down
2018-09-27,85.0100021362,86.8600006104,84.8000030518,85.7200012207,up
2018-09-28,85.5,87.8700027466,85.5,86.2799987793,up
2018-10-01,87.0,87.5500030518,83.1979980469,83.75,down
2018-10-02,83.0,83.6299972534,78.5899963379,79.5699996948,down
2018-10-03,80.3499984741,81.8199996948,79.6299972534,80.9000015259,up
2018-10-04,80.1600036621,80.4950027466,76.0930023193,78.0899963379,down
2018-10-05,78.1500015259,79.9899978638,74.5999984741,76.6200027466,down
2018-10-08,75.5199966431,75.8899993896,71.4599990845,74.0899963379,down
2018-10-09,74.6900024414,76.8499984741,73.8170013428,74.3300018311,up
2018-10-10,73.6500015259,74.2099990845,67.6959991455,68.0199966431,down
2018-10-11,67.3499984741,72.9899978638,67.0800018311,69.2900009155,up
2018-10-12,76.0199966431,76.5,72.3700027466,75.0,up
2018-10-15,74.6299972534,77.1399993896,73.0,76.1299972534,up
2018-10-16,70.9499969482,76.2399978638,66.7399978638,75.9199981689,down
2018-10-17,76.0199966431,76.5800018311,71.3199996948,74.0100021362,down
2018-10-18,72.6100006104,73.5100021362,69.8099975586,71.7300033569,down
2018-10-19,72.6100006104,73.7099990845,66.3300018311,66.4100036621,down
2018-10-22,67.7600021362,69.8799972534,65.6539993286,69.2300033569,up
2018-10-23,66.9899978638,70.0,66.7559967041,69.6800003052,up
2018-10-24,70.1999969482,70.5299987793,63.9000015259,63.9799995422,down
2018-10-25,64.5,67.75,64.3259963989,67.3499984741,up
2018-10-26,64.5,66.8199996948,62.4300003052,65.8499984741,down
2018-10-29,67.3799972534,68.7099990845,64.5999984741,65.9800033569,up
2018-10-30,65.0899963379,70.1399993896,64.1900024414,69.8399963379,up
2018-10-31,72.3700027466,76.1500015259,71.6699981689,75.2200012207,up
2018-11-01,75.2900009155,76.9000015259,73.25,76.6299972534,up
2018-11-02,76.4899978638,77.9499969482,73.3199996948,74.3199996948,down
2018-11-05,74.3199996948,74.3199996948,70.1800003052,71.7699966431,down
2018-11-06,72.4700012207,74.5670013428,69.9599990845,71.0199966431,down
2018-11-07,82.25,96.9700012207,80.6999969482,96.1900024414,up
2018-11-08,94.6500015259,98.8899993896,91.6600036621,91.9499969482,down
2018-11-09,90.5,95.8899993896,89.8700027466,92.2300033569,up
2018-11-12,91.6600036621,92.0800018311,81.7799987793,83.3399963379,down
2018-11-13,84.1299972534,87.7900009155,83.6900024414,85.0999984741,up
2018-11-14,86.7300033569,87.4499969482,82.5999984741,83.9599990845,down
2018-11-15,82.5400009155,91.6699981689,82.2200012207,89.7799987793,up
2018-11-16,87.9800033569,90.4300003052,87.0100021362,89.1699981689,down
2018-11-19,89.0,90.0,76.3399963379,76.9000015259,down
2018-11-20,71.6100006104,78.6399993896,71.5550003052,75.8899993896,down
2018-11-21,78.5,78.7099990845,75.3399963379,76.9599990845,up
2018-11-23,75.5,81.4100036621,75.0609970093,80.6200027466,up
2018-11-26,82.2699966431,88.8799972534,82.1900024414,87.4100036621,up
2018-11-27,86.2399978638,87.1999969482,84.5,86.5199966431,down
2018-11-28,89.0,92.1900024414,85.6100006104,91.8099975586,up
2018-11-29,90.5999984741,93.5400009155,90.3600006104,92.4800033569,up
2018-11-30,92.4400024414,94.9300003052,91.9599990845,94.4899978638,up
2018-12-03,97.3199996948,97.5500030518,92.5920028687,95.6200027466,up
2018-12-04,93.7799987793,96.7799987793,89.3600006104,89.6999969482,down
2018-12-06,87.25,96.4499969482,85.6809997559,96.1900024414,up
2018-12-07,95.2600021362,96.3710021973,87.7600021362,89.3300018311,down
2018-12-10,88.2600021362,92.25,87.7200012207,91.8399963379,up
2018-12-11,94.0899963379,94.2429962158,90.9199981689,92.7200012207,up
2018-12-12,94.4899978638,100.4700012207,93.658996582,96.6699981689,up
2018-12-13,97.1500015259,98.9000015259,93.0199966431,95.9700012207,down
2018-12-14,93.7300033569,95.0299987793,90.6999969482,91.6200027466,down
2018-12-17,90.5500030518,91.1900024414,86.7099990845,87.4499969482,down
2018-12-18,89.2399978638,89.8180007935,82.7900009155,85.2900009155,down
2018-12-19,85.6100006104,89.9100036621,84.0500030518,85.6999969482,up
2018-12-20,84.4899978638,86.6500015259,76.0199966431,80.4800033569,down
2018-12-21,80.2900009155,81.0,75.0899963379,76.1500015259,down
2018-12-24,74.0,77.5699996948,73.1500015259,75.5899963379,down
2018-12-26,76.5699996948,85.5999984741,76.5699996948,85.3899993896,up
2018-12-27,83.8300018311,87.9100036621,81.1500015259,87.3799972534,up
2018-12-28,88.0,88.0999984741,83.7300033569,86.0199966431,down
2018-12-31,87.0800018311,91.0999984741,86.3700027466,89.3000030518,up
2019-01-02,87.4499969482,88.9599990845,84.0999984741,86.9700012207,down
2019-01-03,85.0599975586,86.4800033569,80.1299972534,81.25,down
2019-01-04,84.2200012207,89.4000015259,83.1999969482,88.5500030518,up
2019-01-07,91.3099975586,99.4000015259,91.25,96.9800033569,up
2019-01-08,98.6399993896,100.9499969482,92.5800018311,97.5999984741,up
2019-01-09,97.5,98.0599975586,94.75,96.4100036621,down
2019-01-10,94.8700027466,97.8499984741,93.5699996948,96.1999969482,down
2019-01-11,96.0,101.6999969482,95.6380004883,96.8300018311,up
2019-01-14,95.1200027466,98.8000030518,94.0299987793,97.7600021362,up
2019-01-15,98.5199966431,101.8249969482,97.361000061,100.4499969482,up
2019-01-16,102.0,103.75,97.5899963379,99.9700012207,down
2019-01-17,100.1100006104,104.1200027466,99.2300033569,102.1100006104,up
2019-01-18,103.9800033569,106.0,101.3600006104,105.3199996948,up
2019-01-22,104.0199966431,104.0500030518,98.3949966431,99.5199966431,down
2019-01-23,101.3300018311,103.25,99.0599975586,100.4000015259,up
2019-01-24,100.4100036621,102.4300003052,100.2419967651,101.5500030518,up
2019-01-25,102.0999984741,105.4899978638,101.8799972534,104.1800003052,up
2019-01-28,102.9000015259,103.3300018311,99.9000015259,102.1600036621,down
2019-01-29,102.8799972534,103.0599975586,99.1200027466,99.3000030518,down
2019-01-30,101.0800018311,104.0299987793,99.7900009155,103.8199996948,up
2019-01-31,103.8000030518,113.3249969482,103.8000030518,111.3199996948,up
2019-02-01,111.3099975586,113.5,110.263999939,112.8799972534,up
2019-02-04,113.1399993896,114.6600036621,112.4000015259,113.3799972534,up
2019-02-05,113.8199996948,116.5400009155,113.0100021362,113.8899993896,up
2019-02-06,114.1200027466,114.9899978638,109.4000015259,113.3399963379,down
2019-02-07,111.5,111.5380020142,108.2600021362,110.1200027466,down
2019-02-08,108.8799972534,114.9160003662,108.8000030518,114.7799987793,up
2019-02-11,118.5,119.0,113.7099990845,115.75,up
2019-02-12,115.75,116.6699981689,114.4599990845,115.2900009155,down
2019-02-13,114.1900024414,116.8899993896,105.5999984741,106.8700027466,down
2019-02-14,105.4700012207,108.5500030518,103.25,107.2699966431,up
2019-02-15,106.1999969482,107.6579971313,104.25,106.8499984741,down
2019-02-19,106.0899963379,112.8499984741,106.0800018311,112.5699996948,up
2019-02-20,113.0,119.25,112.75,116.3000030518,up
2019-02-21,116.4400024414,116.5090026855,111.7200012207,113.1600036621,down
2019-02-22,114.0999984741,116.6100006104,113.6299972534,116.5500030518,up
2019-02-25,118.5699996948,121.0999984741,116.3259963989,118.2699966431,up
2019-02-26,117.0999984741,118.9599990845,116.25,116.9199981689,down
2019-02-27,116.4100036621,119.4700012207,116.3499984741,119.4599990845,up
2019-02-28,118.8499984741,122.3700027466,118.3300018311,121.6900024414,up
2019-03-01,123.25,123.9000015259,121.2699966431,123.5299987793,up
2019-03-04,124.7099990845,124.8499984741,112.2529983521,116.0999984741,down
2019-03-05,115.0,115.2399978638,110.5999984741,115.1800003052,down
2019-03-06,115.0,116.4800033569,113.1100006104,114.6299972534,down
2019-03-07,114.7399978638,117.5699996948,113.7099990845,115.5,up
2019-03-08,113.2200012207,117.0,111.5199966431,116.8000030518,up
2019-03-11,117.4000015259,123.0,117.3300018311,122.0899963379,up
2019-03-12,122.8700027466,126.9599990845,121.3399963379,125.6999969482,up
2019-03-13,126.6600036621,129.4299926758,125.9100036621,126.7799987793,up
2019-03-14,127.0100021362,131.3600006104,126.4120025635,130.0,up
2019-03-15,129.1900024414,130.7200012207,127.4400024414,129.4100036621,down
2019-03-18,131.3000030518,133.3200073242,127.1600036621,129.3500061035,down
2019-03-19,130.1199951172,131.7599945068,128.5700073242,130.3800048828,up
2019-03-20,130.1000061035,132.3899993896,127.6800003052,130.6499938965,up
2019-03-21,130.1799926758,136.0,130.0200042725,135.6600036621,up
2019-03-22,135.0,135.7870025635,128.6600036621,129.5299987793,down
2019-03-25,129.5200042725,132.8899993896,127.2699966431,131.5500030518,up
2019-03-26,133.5099945068,134.8500061035,130.4700012207,131.8699951172,up
2019-03-27,132.3999938965,132.5769958496,124.6200027466,126.4800033569,down
2019-03-28,127.6500015259,128.3699951172,124.1200027466,125.7300033569,down
2019-03-29,127.1500015259,130.7200012207,126.1399993896,129.1799926758,up
2019-04-01,131.5800018311,131.9499969482,125.3199996948,127.6699981689,down
2019-04-02,127.0100021362,130.0,125.8799972534,129.7899932861,up
2019-04-03,130.5200042725,131.6499938965,128.6000061035,129.3800048828,down
2019-04-04,129.9199981689,130.2299957275,118.4800033569,122.3700027466,down
2019-04-05,123.1500015259,123.9100036621,120.5400009155,122.4199981689,up
2019-04-08,121.6699981689,122.4000015259,119.0999984741,122.1200027466,down
2019-04-09,122.2300033569,124.9300003052,121.5849990845,122.6999969482,up
2019-04-10,123.4400024414,125.7900009155,122.4300003052,125.2200012207,up
2019-04-11,125.8000030518,126.4700012207,123.0999984741,125.6999969482,up
2019-04-12,126.2600021362,126.75,123.5970001221,125.7200012207,up
2019-04-15,125.3000030518,127.7799987793,123.8099975586,127.1900024414,up
2019-04-16,126.75,130.1499938965,125.9599990845,126.5599975586,down
2019-04-17,127.1999969482,127.3499984741,121.5999984741,123.0800018311,down
2019-04-18,122.3000030518,123.0,118.5599975586,122.1299972534,down
2019-04-22,122.0,128.3000030518,121.5299987793,127.9599990845,up
2019-04-23,129.1600036621,130.3099975586,126.9400024414,129.2700042725,up
2019-04-24,130.1000061035,131.1999969482,128.6750030518,129.9900054932,up
2019-04-25,131.2299957275,134.3699951172,129.5299987793,132.25,up
2019-04-26,133.0,135.1900024414,131.0099945068,134.9199981689,up
2019-04-29,135.8999938965,137.3999938965,134.3399963379,135.9900054932,up
2019-04-30,134.1000061035,137.1900024414,132.0099945068,137.1399993896,up
2019-05-01,142.1999969482,142.1999969482,128.2100067139,128.5700073242,down
2019-05-02,127.7799987793,134.3800048828,126.75,131.9400024414,up
2019-05-03,131.9400024414,132.2599945068,129.0200042725,130.8699951172,down
2019-05-06,127.0400009155,132.2799987793,126.8000030518,131.8000030518,up
2019-05-07,132.3399963379,132.9400024414,127.5400009155,129.5800018311,down
2019-05-08,129.0,132.9459991455,128.3789978027,131.6600036621,up
2019-05-09,130.6799926758,133.25,126.8199996948,133.1300048828,up
2019-05-10,132.6000061035,136.3399963379,130.1430053711,134.2799987793,up
2019-05-13,130.8999938965,131.9900054932,122.5599975586,123.3899993896,down
2019-05-14,126.0,131.1519927979,124.2180023193,131.0800018311,up
2019-05-15,127.8199996948,135.5,127.8199996948,135.4499969482,up
2019-05-16,136.0299987793,144.6199951172,136.0,142.3699951172,up
2019-05-17,140.6399993896,143.0500030518,137.8999938965,140.4900054932,down
2019-05-20,137.5,140.4680023193,136.1399993896,137.6600036621,down
2019-05-21,139.0,141.3800048828,137.6300048828,137.7100067139,up
2019-05-22,136.9400024414,141.1600036621,136.7429962158,137.8399963379,up
2019-05-23,136.4799957275,136.6000061035,130.8500061035,132.9600067139,down
2019-05-24,134.6999969482,136.8099975586,133.1000061035,133.8999938965,up
2019-05-28,134.4499969482,137.3509979248,131.9010009766,132.9499969482,down
2019-05-29,131.1300048828,132.9700012207,128.2799987793,129.1699981689,down
2019-05-30,126.6500015259,128.7200012207,123.4400024414,126.9300003052,down
2019-05-31,124.3899993896,134.25,123.0,131.9900054932,up
2019-06-03,132.7700042725,135.4969940186,123.2600021362,124.5400009155,down
2019-06-04,126.3000030518,128.8899993896,123.6600036621,128.3899993896,up
2019-06-05,130.9400024414,137.0800018311,128.6300048828,136.7700042725,up
2019-06-06,136.8500061035,140.3899993896,131.3699951172,139.6300048828,up
2019-06-07,141.1199951172,144.6199951172,140.5,144.1100006104,up
2019-06-10,145.0,148.8000030518,143.0299987793,143.6199951172,down
2019-06-11,145.0,146.2899932861,138.0299987793,140.6900024414,down
2019-06-12,141.4700012207,144.3399963379,139.5,143.0899963379,up
2019-06-13,143.0899963379,143.8800048828,139.9600067139,141.0599975586,down
2019-06-14,140.7599945068,141.2799987793,138.5899963379,140.1699981689,down
2019-06-17,140.6600036621,144.0200042725,139.1999969482,140.7100067139,up
2019-06-18,144.9799957275,145.4900054932,141.9799957275,142.2899932861,up
2019-06-19,142.6499938965,147.1000061035,140.7100067139,146.5,up
2019-06-20,149.4600067139,151.0,145.0500030518,146.6600036621,up
2019-06-21,145.1499938965,146.8800048828,142.75,144.0,down
2019-06-24,144.5299987793,144.6999969482,137.6799926758,138.4100036621,down
2019-06-25,138.5099945068,138.75,133.6840057373,134.8699951172,down
2019-06-26,137.1799926758,139.5010070801,133.5500030518,134.1799926758,down
2019-06-27,133.9600067139,138.3999938965,133.4819946289,137.3200073242,up
2019-06-28,137.4600067139,138.7799987793,134.0099945068,136.3500061035,down
2019-07-01,138.3200073242,139.1499938965,135.2649993896,136.8600006104,up
2019-07-02,137.7299957275,139.5,136.5220031738,137.5,up
2019-07-03,138.6000061035,140.9900054932,138.2100067139,139.2100067139,up
2019-07-05,138.4299926758,140.2899932861,134.7449951172,140.2700042725,up
2019-07-08,138.5099945068,145.5800018311,138.1000061035,144.7299957275,up
2019-07-09,144.4900054932,146.8500061035,143.1499938965,145.25,up
2019-07-10,147.6000061035,149.9799957275,145.1499938965,145.4400024414,up
2019-07-11,146.1600036621,146.8999938965,142.7100067139,144.2599945068,down
2019-07-12,144.0,144.8899993896,140.6699981689,142.1499938965,down
2019-07-15,142.3800048828,145.8699951172,140.8560028076,145.3999938965,up
2019-07-16,146.0,147.3500061035,141.6100006104,142.5899963379,down
2019-07-17,142.7700042725,146.4700012207,142.2599945068,145.8600006104,up
2019-07-18,144.4299926758,147.1649932861,143.3099975586,145.9799957275,up
2019-07-19,146.8999938965,147.6900024414,145.0,145.6199951172,down
2019-07-22,146.1900024414,150.4400024414,146.0200042725,147.4600067139,up
2019-07-23,148.1999969482,148.9889984131,143.4799957275,145.5700073242,down
2019-07-24,145.4600067139,147.7100067139,143.1730041504,147.6100006104,up
2019-07-25,147.6100006104,149.5,146.1999969482,147.7599945068,up
2019-07-26,148.1499938965,150.3699951172,148.0809936523,149.9499969482,up
2019-07-29,150.0,150.3899993896,140.0800018311,141.5,down
2019-07-30,140.8999938965,143.8999938965,139.5599975586,140.0,down
2019-07-31,141.0500030518,142.8999938965,136.1100006104,139.1100006104,down
2019-08-01,137.9900054932,143.9799957275,135.5500030518,137.8300018311,down
2019-08-02,136.4199981689,136.7200012207,132.1600036621,133.6999969482,down
2019-08-05,126.0,126.7300033569,122.1100006104,124.5199966431,down
2019-08-06,126.9000015259,127.8659973145,123.6699981689,125.5699996948,up
2019-08-07,124.5,126.8899993896,122.5179977417,123.9000015259,down
2019-08-08,125.7099990845,131.6799926758,125.1399993896,131.6799926758,up
2019-08-09,130.4400024414,134.9700012207,129.6410064697,133.7200012207,up
2019-08-12,132.4799957275,133.5099945068,127.6999969482,131.4900054932,down
2019-08-13,130.4199981689,134.2400054932,129.5099945068,132.0500030518,up
2019-08-14,128.1000061035,129.6000061035,123.4300003052,124.75,down
2019-08-15,126.3099975586,126.8899993896,122.0199966431,123.1699981689,down
2019-08-16,124.4599990845,126.5699996948,123.75,124.7600021362,up
2019-08-19,126.4499969482,127.8300018311,125.3099975586,125.6100006104,up
2019-08-20,125.5500030518,128.1000061035,124.5,126.8600006104,up
2019-08-21,128.2200012207,132.5800018311,127.6600036621,131.0599975586,up
2019-08-22,131.5500030518,132.0,127.4400024414,130.5,down
2019-08-23,130.4499969482,133.8000030518,127.5699996948,127.9599990845,down
2019-08-26,129.3200073242,130.1999969482,126.4199981689,129.9799957275,up
2019-08-27,131.3000030518,134.5899963379,128.6900024414,131.4799957275,up
2019-08-28,130.2400054932,131.6199951172,128.1000061035,130.9100036621,down
2019-08-29,132.2799987793,133.9499969482,131.3399963379,132.0500030518,up
2019-08-30,133.2200012207,133.2200012207,127.7699966431,130.4700012207,down
2019-09-03,129.5,131.7599945068,128.3999938965,129.6999969482,down
2019-09-04,130.6000061035,133.9669952393,130.0,132.3200073242,up
2019-09-05,133.5700073242,133.9900054932,127.4400024414,129.7299957275,down
2019-09-06,130.8899993896,131.5599975586,123.3499984741,123.6999969482,down
2019-09-09,123.9899978638,124.3499984741,108.5999984741,111.8799972534,down
2019-09-10,109.8700027466,115.9850006104,107.0,110.0100021362,down
2019-09-11,110.7099990845,113.7399978638,109.5500030518,109.7200012207,down
2019-09-12,111.9000015259,115.2099990845,111.3499984741,113.0999984741,up
2019-09-13,112.4700012207,113.0800018311,108.7200012207,109.5899963379,down
2019-09-16,108.3899993896,111.8150024414,107.6640014648,110.6500015259,up
2019-09-17,112.9499969482,113.25,110.1100006104,112.3199996948,up
2019-09-18,112.5,112.9899978638,110.8799972534,112.5500030518,up
2019-09-19,117.0,117.0,113.3300018311,115.1100006104,up
2019-09-20,115.8899993896,117.2300033569,111.1959991455,114.2200012207,down
2019-09-23,113.75,114.5400009155,112.9300003052,112.9300003052,down
2019-09-24,112.9800033569,113.4700012207,106.8300018311,109.1100006104,down
2019-09-25,108.4499969482,110.8000030518,105.1299972534,110.4300003052,up
2019-09-26,111.3899993896,112.3099975586,108.4100036621,110.9000015259,up
2019-09-27,110.2399978638,111.1299972534,104.8399963379,106.5599975586,down
2019-09-30,106.5,110.8499984741,104.216003418,109.9599990845,up
2019-10-01,109.5999984741,110.8199996948,107.9100036621,109.7300033569,down
2019-10-02,107.5,109.3000030518,105.3990020752,106.6100006104,down
2019-10-03,106.8700027466,111.3899993896,104.1500015259,110.5,up
2019-10-04,111.4100036621,112.8369979858,109.8759994507,112.0800018311,up
2019-10-07,111.1600036621,113.8050003052,110.8499984741,112.9100036621,up
2019-10-08,111.6699981689,112.6890029907,108.2799987793,108.4000015259,down
2019-10-09,109.4400024414,111.4300003052,108.3099975586,111.0299987793,up
2019-10-10,110.3499984741,112.5199966431,110.0500030518,110.2900009155,down
2019-10-11,112.6399993896,115.4300003052,111.0999984741,114.3399963379,up
2019-10-14,114.0699996948,117.0500030518,113.5500030518,116.5899963379,up
2019-10-15,117.0,118.3399963379,115.0,115.2099990845,down
2019-10-16,111.6200027466,112.8700027466,108.8679962158,109.8000030518,down
2019-10-17,110.1299972534,110.4899978638,107.9100036621,110.0500030518,up
2019-10-18,110.2600021362,110.3600006104,103.8000030518,106.3499984741,down
2019-10-21,106.5999984741,107.7799987793,104.827003479,105.5400009155,down
2019-10-22,106.7799987793,106.7799987793,100.0800018311,100.6500015259,down
2019-10-23,100.1999969482,104.3899993896,99.6999969482,100.5,down
2019-10-24,102.8499984741,105.9400024414,102.3099975586,105.6299972534,up
2019-10-25,104.5,107.9000015259,103.4000015259,106.9800033569,up
2019-10-28,107.6699981689,107.986000061,105.4899978638,106.4000015259,down
2019-10-29,106.1200027466,107.5400009155,105.0999984741,105.0999984741,down
2019-10-30,107.0100021362,109.6600036621,105.5999984741,107.6999969482,up
2019-10-31,98.5800018311,99.7850036621,92.8899993896,96.5599975586,down
2019-11-01,95.6399993896,98.8700027466,95.5100021362,97.0599975586,up
2019-11-04,96.4599990845,96.75,91.6399993896,92.0100021362,down
2019-11-05,92.0,93.4599990845,89.8099975586,91.3300018311,down
2019-11-06,91.5,93.4800033569,90.1500015259,92.2699966431,up
2019-11-07,92.0999984741,92.9499969482,90.6100006104,91.0599975586,down
2019-11-08,90.75,93.9199981689,90.5540008545,93.2300033569,up
2019-11-11,94.0,97.3700027466,93.5,96.1699981689,up
2019-11-12,96.5,100.1200027466,91.3700027466,95.0899963379,down
2019-11-13,94.9300003052,98.3600006104,94.4300003052,98.3399963379,up
2019-11-14,98.0599975586,99.3099975586,96.8499984741,98.1100006104,down
2019-11-15,99.25,99.5800018311,97.5599975586,99.5400009155,up
2019-11-18,99.5100021362,102.6299972534,98.5999984741,101.6600036621,up
2019-11-19,102.0,103.5800018311,100.6200027466,103.0,up
2019-11-20,103.2699966431,105.5899963379,102.5400009155,103.7399978638,up
2019-11-21,104.0699996948,105.3499984741,102.9000015259,103.5299987793,down
2019-11-22,103.8000030518,104.5,102.7799987793,104.2900009155,up
2019-11-25,105.0,105.297996521,103.1600036621,103.3600006104,down
2019-11-26,103.0,103.5400009155,101.7699966431,102.5899963379,down
2019-11-27,102.8499984741,103.4000015259,101.5559997559,103.0,up
2019-11-29,102.1999969482,103.5999984741,101.8099975586,103.2799987793,up
2019-12-02,102.6600036621,102.7600021362,95.6699981689,97.6500015259,down
2019-12-03,95.6500015259,99.5599975586,94.8779983521,99.2799987793,up
2019-12-04,99.2699966431,100.6500015259,97.875,98.9300003052,down
2019-12-05,98.5,99.4499969482,97.4000015259,97.5400009155,down
2019-12-06,97.8199996948,99.358001709,96.2600021362,98.5400009155,up
2019-12-09,98.6600036621,100.5500030518,98.5500030518,98.9899978638,up
2019-12-10,99.4499969482,99.6200027466,96.75,97.3600006104,down
2019-12-11,97.5400009155,97.7399978638,95.0599975586,96.2300033569,down
2019-12-12,96.1999969482,97.3799972534,95.3300018311,96.8600006104,up
2019-12-13,97.0100021362,99.3199996948,96.9400024414,97.9800033569,up
2019-12-16,98.2399978638,100.1999969482,97.3450012207,98.8499984741,up
2019-12-17,99.1500015259,99.3199996948,97.0,97.5899963379,down
2019-12-18,97.7600021362,99.9400024414,97.5400009155,98.4300003052,up
2019-12-19,98.2099990845,99.9199981689,97.7099990845,99.8799972534,up
2019-12-20,100.1399993896,101.3700027466,99.5699996948,100.2600021362,up
2019-12-23,100.5500030518,101.5999984741,100.1999969482,100.3899993896,up
2019-12-24,99.9199981689,100.7300033569,99.0599975586,100.5500030518,up
2019-12-26,100.8899993896,103.5800018311,100.4000015259,102.6100006104,up
2019-12-27,103.3399963379,103.3399963379,100.0500030518,100.4300003052,down
2019-12-30,99.5999984741,100.1699981689,96.6999969482,97.7900009155,down
2019-12-31,96.8099975586,98.7399978638,96.6800003052,98.2799987793,up
2020-01-02,100.0100021362,103.1500015259,99.6600036621,103.1500015259,up
2020-01-03,101.0999984741,104.5500030518,100.7600021362,103.5199966431,up
2020-01-06,102.7399978638,107.7399978638,101.7699966431,107.4599990845,up
2020-01-07,107.6299972534,109.9400024414,107.3700027466,108.0599975586,up
2020-01-08,108.8000030518,110.8199996948,108.1999969482,109.3899993896,up
2020-01-09,111.3300018311,113.1500015259,110.3600006104,113.0199966431,up
2020-01-10,115.0,116.4899978638,114.0500030518,115.7399978638,up
2020-01-13,117.2900009155,120.4499969482,116.8499984741,120.3399963379,up
2020-01-14,120.0699996948,120.8669967651,117.2099990845,119.0199966431,down
2020-01-15,119.4300003052,123.7799987793,119.2200012207,119.8799972534,up
2020-01-16,121.2399978638,121.5999984741,118.3000030518,119.5800018311,down
2020-01-17,119.2200012207,120.4800033569,118.0500030518,119.3600006104,down
2020-01-21,118.9000015259,120.5299987793,117.2300033569,119.0800018311,down
2020-01-22,119.8499984741,120.9000015259,118.9199981689,119.1200027466,up
2020-01-23,120.0,121.8300018311,118.8300018311,120.8000030518,up
2020-01-24,122.0100021362,123.3700027466,119.5500030518,121.3799972534,up
2020-01-27,116.9199981689,121.1100006104,115.0199966431,120.5500030518,down
2020-01-28,122.4300003052,125.7770004272,121.1200027466,122.7600021362,up
2020-01-29,123.9000015259,125.1900024414,121.6600036621,123.8000030518,up
2020-01-30,122.5,125.5899963379,122.0100021362,124.8099975586,up
2020-01-31,126.5299987793,127.5,122.9599990845,124.3399963379,down
2020-02-03,124.3099975586,128.1799926758,123.3799972534,128.1799926758,up
2020-02-04,130.3899993896,132.0200042725,128.6000061035,131.8999938965,up
2020-02-05,133.0,133.0,126.4000015259,127.1500015259,down
2020-02-06,120.5999984741,125.6600036621,116.3799972534,117.8700027466,down
2020-02-07,119.7799987793,122.8799972534,117.9199981689,122.2099990845,up
2020-02-10,122.3000030518,126.7799987793,121.5899963379,125.7099990845,up
2020-02-11,126.4300003052,127.1699981689,124.4599990845,125.4100036621,down
2020-02-12,125.5599975586,126.1800003052,122.4499969482,125.9199981689,up
2020-02-13,125.6299972534,130.5299987793,125.0,128.6699981689,up
2020-02-14,128.8699951172,129.7259979248,127.5100021362,127.7399978638,down
2020-02-18,127.5,129.1300048828,126.0199966431,128.1399993896,up
2020-02-19,128.7599945068,129.6499938965,127.9199981689,128.0599975586,down
2020-02-20,128.0,128.5599975586,123.0999984741,126.7099990845,down
2020-02-21,125.3799972534,125.7399978638,120.9000015259,123.2699966431,down
2020-02-24,115.0,118.6019973755,113.0299987793,117.9400024414,down
2020-02-25,119.0,120.125,111.6650009155,112.3099975586,down
2020-02-26,113.1100006104,115.8399963379,111.1200027466,112.9599990845,up
2020-02-27,107.5199966431,114.9000015259,105.2699966431,110.9100036621,down
2020-02-28,105.9700012207,112.6500015259,105.7300033569,112.6399993896,up
2020-03-02,113.6999969482,114.25,108.0100021362,111.4800033569,down
2020-03-03,111.5699996948,112.2799987793,102.2600021362,105.3700027466,down
2020-03-04,106.8600006104,107.2600021362,103.8310012817,104.8799972534,down
2020-03-05,103.8099975586,108.5800018311,102.8399963379,105.9899978638,up
2020-03-06,103.5,104.3499984741,98.5800018311,101.7699966431,down
2020-03-09,92.8799972534,98.9899978638,91.0,93.0500030518,down
2020-03-10,96.4700012207,96.8099975586,89.5500030518,92.6100006104,down
2020-03-11,90.1800003052,92.4199981689,85.1750030518,87.0100021362,down
2020-03-12,77.0800018311,82.8199996948,75.75,78.3399963379,down
2020-03-13,83.1800003052,83.1800003052,73.7200012207,79.9899978638,up
2020-03-16,69.4199981689,77.9899978638,68.0559997559,71.6999969482,down
2020-03-17,72.2300033569,80.6600036621,72.2300033569,77.6200027466,up
2020-03-18,72.5699996948,78.4599990845,70.2600021362,74.0899963379,down
2020-03-19,74.25,83.3099975586,71.5699996948,82.5,up
2020-03-20,83.2200012207,89.3899993896,83.0100021362,84.1399993896,up
2020-03-23,84.6100006104,90.4899978638,81.3570022583,89.7399978638,up
2020-03-24,93.0,98.7399978638,93.0,97.5299987793,up
2020-03-25,98.8899993896,101.7900009155,95.7600021362,96.8300018311,down
2020-03-26,97.2099990845,102.6849975586,96.7699966431,100.6900024414,up
2020-03-27,98.0,98.9599990845,95.5100021362,96.6299972534,down
2020-03-30,97.5699996948,99.4199981689,95.3099975586,97.0,up
2020-03-31,92.3399963379,95.4499969482,88.9400024414,89.4899978638,down
2020-04-01,87.0,87.8799972534,84.5400009155,84.9300003052,down
2020-04-02,83.7900009155,86.4100036621,81.5100021362,83.3199996948,down
2020-04-03,82.5800018311,83.0,79.25,80.6900024414,down
2020-04-06,84.0,86.9499969482,82.4400024414,86.6600036621,up
2020-04-07,88.0,90.2900009155,84.0199966431,87.2200012207,up
2020-04-08,88.4499969482,92.3499984741,88.1500015259,91.7300033569,up
2020-04-09,92.5800018311,97.4499969482,92.1399993896,95.3399963379,up
2020-04-13,95.3000030518,96.2900009155,92.7080001831,95.8899993896,up
2020-04-14,98.5400009155,100.9199981689,98.0100021362,98.7900009155,up
2020-04-15,99.4599990845,101.6900024414,97.4250030518,100.8199996948,up
2020-04-16,101.8499984741,106.8199996948,101.5199966431,103.6299972534,up
2020-04-17,106.5,108.3199996948,104.3830032349,107.8799972534,up
2020-04-20,106.5999984741,111.4899978638,106.5500030518,108.3700027466,up
2020-04-21,107.5299987793,109.4850006104,100.4100036621,105.0,down
2020-04-22,106.9000015259,109.3600006104,105.875,107.8899993896,up
2020-04-23,105.0,109.4300003052,105.0,107.5100021362,down
2020-04-24,108.0800018311,110.8000030518,105.6999969482,109.9499969482,up
2020-04-27,111.1500015259,112.68699646,108.9120025635,109.4199981689,down
2020-04-28,110.0500030518,110.5699996948,104.4000015259,104.5899963379,down
2020-04-29,106.0699996948,111.9800033569,105.4000015259,111.3000030518,up
2020-04-30,111.1299972534,116.8399963379,110.8000030518,112.3000030518,up
2020-05-01,109.3899993896,113.6900024414,107.9540023804,107.9800033569,down
2020-05-04,106.9800033569,113.9199981689,106.2369995117,113.25,up
2020-05-05,115.2799987793,119.1900024414,114.0500030518,116.5699996948,up
2020-05-06,117.0500030518,123.6399993896,116.5100021362,122.4000015259,up
2020-05-07,152.3999938965,176.3699951172,152.3999938965,170.8899993896,up
2020-05-08,167.0099945068,182.3899993896,165.1100006104,179.6900024414,up
2020-05-11,179.9799957275,189.9700012207,179.0,186.6100006104,up
2020-05-12,187.0,197.1499938965,181.6000061035,190.2899932861,up
2020-05-13,192.1100006104,195.5449981689,180.3000030518,187.4199981689,down
2020-05-14,186.0700073242,193.0659942627,183.7729949951,191.8600006104,up
2020-05-15,188.4100036621,195.1499938965,187.8000030518,189.2200012207,down
2020-05-18,189.6300048828,193.6999969482,183.1000061035,183.3899993896,down
2020-05-19,183.0500030518,188.4900054932,180.5549926758,183.2400054932,down
2020-05-20,187.1199951172,192.6499938965,186.3099975586,191.9100036621,up
2020-05-21,192.8999938965,197.3000030518,188.0399932861,194.0,up
2020-05-22,200.1699981689,209.5,196.1100006104,208.6199951172,up
2020-05-26,209.0,209.9400024414,195.0,196.3999938965,down
2020-05-27,189.3300018311,192.9799957275,177.1300048828,192.3500061035,down
2020-05-28,190.3300018311,198.6999969482,189.4199981689,191.3999938965,down
2020-05-29,197.5200042725,197.9100036621,192.0299987793,197.6000061035,up
2020-06-01,195.7899932861,202.75,195.2400054932,199.0,up
2020-06-02,198.8000030518,202.3999938965,195.3600006104,201.6699981689,up
2020-06-03,199.0,203.2799987793,197.8200073242,200.8000030518,down
2020-06-04,201.1799926758,203.125,191.5299987793,193.0500030518,down
2020-06-05,185.5500030518,198.9799957275,182.1199951172,196.7100067139,up
2020-06-08,195.25,198.4299926758,189.6600036621,196.7299957275,up
2020-06-09,197.9799957275,199.8300018311,193.5989990234,194.2700042725,down
2020-06-10,196.4100036621,205.0,194.0,203.0800018311,up
2020-06-11,199.4700012207,202.7799987793,187.5299987793,188.4199981689,down
2020-06-12,193.0800018311,196.3399963379,188.6399993896,191.8899993896,up
2020-06-15,198.1900024414,204.0,193.4929962158,203.3000030518,up
2020-06-16,202.5,210.3999938965,196.7400054932,209.6900024414,up
2020-06-17,211.3099975586,216.6199951172,209.25,211.2799987793,up
2020-06-18,210.0700073242,216.0,208.4499969482,215.2899932861,up
2020-06-19,218.0,218.4900054932,210.0,210.2899932861,down
2020-06-22,212.5599975586,218.8000030518,212.4720001221,216.25,up
2020-06-23,216.9799957275,219.6399993896,213.5800018311,215.25,down
2020-06-24,214.8699951172,219.0500030518,209.2230072021,212.1699981689,down
2020-06-25,212.8099975586,216.5500030518,207.5599975586,216.5200042725,up
2020-06-26,217.8699951172,222.3800048828,211.6399993896,221.1499938965,up
2020-06-29,221.0299987793,222.1499938965,206.5599975586,210.9900054932,down
2020-06-30,211.0800018311,221.0,208.9499969482,219.4199981689,up
2020-07-01,218.1300048828,228.6900024414,217.0,227.7700042725,up
2020-07-02,230.6100006104,236.5,227.4600067139,232.3500061035,up
2020-07-06,237.6600036621,242.0,232.5700073242,235.4400024414,up
2020-07-07,235.2299957275,239.4700012207,232.8200073242,233.3000030518,down
2020-07-08,235.5,244.9900054932,234.9199981689,243.6100006104,up
2020-07-09,245.5,247.5,237.4400024414,245.3000030518,up
2020-07-10,245.0,245.3000030518,238.6499938965,240.5800018311,down
2020-07-13,241.6199951172,244.0,223.3699951172,224.8000030518,down
2020-07-14,222.1100006104,227.3600006104,214.3200073242,223.8200073242,down
2020-07-15,226.2799987793,226.6799926758,216.7799987793,224.2700042725,up
2020-07-16,221.9799957275,224.0,217.2400054932,222.3800048828,down
2020-07-17,225.8000030518,239.6300048828,222.9700012207,238.5700073242,up
2020-07-20,240.0,264.3649902344,237.5350036621,262.9700012207,up
2020-07-21,263.549987793,264.5,250.0500030518,260.5100097656,down
2020-07-22,262.5299987793,271.0,260.1260070801,262.049987793,up
2020-07-23,263.5,270.5,253.2899932861,254.3200073242,down
2020-07-24,248.5,250.4799957275,235.6999969482,248.2899932861,down
2020-07-27,252.0,256.6000061035,247.6179962158,252.8600006104,up
2020-07-28,252.9600067139,256.3099975586,249.5599975586,249.7899932861,down
2020-07-29,253.0899963379,265.3599853516,250.470993042,264.6199951172,up
2020-07-30,263.4899902344,269.7799987793,259.4100036621,267.450012207,up
2020-07-31,273.0,277.4200134277,267.1400146484,277.4200134277,up
2020-08-03,282.1799926758,288.8110046387,279.3129882812,286.3299865723,up
2020-08-04,285.0,286.9899902344,280.1300048828,283.7600097656,down
2020-08-05,277.0,280.5599975586,268.6199951172,278.1099853516,down
2020-08-06,272.6300048828,275.3900146484,260.0,260.4899902344,down
2020-08-07,245.8300018311,257.5,241.7299957275,249.0,down
2020-08-10,248.1199951172,252.6999969482,241.3600006104,250.0500030518,up
2020-08-11,246.5899963379,252.2899932861,242.6600036621,244.4900054932,down
2020-08-12,244.4700012207,247.5200042725,240.2400054932,240.9299926758,down
2020-08-13,243.6399993896,248.3500061035,242.6100006104,243.9900054932,up
2020-08-14,246.0,247.0,238.5149993896,240.0599975586,down
2020-08-17,242.9900054932,249.1199951172,242.0,247.8000030518,up
2020-08-18,250.0500030518,254.8000030518,247.4400024414,251.9400024414,up
2020-08-19,250.8099975586,253.3999938965,248.5,251.0,down
2020-08-20,248.0200042725,258.6000061035,247.0,257.6499938965,up
2020-08-21,259.9200134277,261.450012207,251.1000061035,251.2599945068,down
2020-08-24,254.2899932861,254.5200042725,240.3300018311,245.4700012207,down
2020-08-25,242.6999969482,250.3600006104,240.7100067139,249.5099945068,up
2020-08-26,254.0,267.9400024414,253.1699981689,265.0199890137,up
2020-08-27,265.0,268.7300109863,260.200012207,261.5199890137,down
2020-08-28,264.0,274.3599853516,262.5,264.450012207,up
2020-08-31,266.1400146484,270.7399902344,261.8999938965,269.7600097656,up
2020-09-01,274.3599853516,283.3399963379,272.0,273.2399902344,up
2020-09-02,279.1099853516,279.4140014648,258.7799987793,264.200012207,down
2020-09-03,255.0200042725,258.4200134277,243.7599945068,248.3899993896,down
2020-09-04,245.1499938965,248.0,223.0099945068,233.5,down
2020-09-08,223.1799926758,234.5500030518,222.3280029297,226.1600036621,down
2020-09-09,233.6999969482,235.6179962158,226.5299987793,233.1100006104,up
2020-09-10,236.5899963379,243.6699981689,229.5500030518,231.1699981689,down
2020-09-11,235.5099945068,235.5099945068,220.8899993896,224.4100036621,down
2020-09-14,228.4700012207,231.2899932861,222.0899963379,225.9100036621,up
2020-09-15,228.2899932861,231.5099945068,222.8899993896,226.3300018311,up
2020-09-16,226.1000061035,235.75,224.6349945068,228.7400054932,up
2020-09-17,220.0,223.1100006104,216.2299957275,221.8699951172,down
2020-09-18,225.1999969482,227.8000030518,220.4799957275,225.3999938965,up
2020-09-21,224.0599975586,238.7649993896,222.0030059814,238.3000030518,up
2020-09-22,239.0700073242,241.3800048828,233.9720001221,237.0,down
2020-09-23,234.5700073242,238.7200012207,230.8899993896,232.0,down
2020-09-24,229.9900054932,245.1600036621,227.7100067139,238.3999938965,up
2020-09-25,238.5800018311,246.6900024414,234.0299987793,245.0200042725,up
2020-09-28,246.6100006104,249.0480041504,241.2599945068,244.5200042725,down
2020-09-29,245.0,251.7550048828,243.0,248.8000030518,up
2020-09-30,246.4100036621,250.7400054932,244.4450073242,247.0899963379,down
2020-10-01,249.9499969482,258.0,247.5,256.9599914551,up
2020-10-02,276.950012207,295.5199890137,272.5,290.3599853516,up
2020-10-05,290.0,290.8999938965,282.3099975586,283.0,down
2020-10-06,283.5799865723,298.1199951172,282.3099975586,294.5100097656,up
2020-10-07,298.0,307.6099853516,296.6000061035,298.1799926758,up
2020-10-08,303.049987793,306.6400146484,297.0,299.1000061035,up
2020-10-09,302.0,310.6400146484,300.5650024414,306.2399902344,up
2020-10-12,322.6799926758,332.0,311.5079956055,329.7200012207,up
2020-10-13,333.3500061035,341.700012207,331.7439880371,337.8800048828,up
2020-10-14,338.0,339.5,319.3800048828,323.4200134277,down
2020-10-15,313.0199890137,327.9649963379,310.3900146484,325.8999938965,up
2020-10-16,328.1000061035,331.4400024414,323.8059997559,326.4700012207,up
2020-10-19,330.0,338.8760070801,326.4450073242,329.5899963379,up
2020-10-20,326.0,328.7600097656,308.5799865723,309.3800048828,down
2020-10-21,313.9899902344,315.7279968262,297.3699951172,298.700012207,down
2020-10-22,301.0,302.0299987793,287.0100097656,294.0299987793,down
2020-10-23,293.6199951172,307.1700134277,289.1300048828,306.1000061035,up
2020-10-26,308.0,312.2600097656,295.1099853516,300.6199951172,down
2020-10-27,297.6799926758,300.7900085449,285.8299865723,286.2900085449,down
2020-10-28,283.3999938965,297.200012207,277.3200073242,296.9599914551,up
2020-10-29,299.75,303.6900024414,287.799987793,288.5799865723,down
2020-10-30,286.0299987793,289.7900085449,273.7600097656,278.9700012207,down
2020-11-02,277.7399902344,284.6400146484,269.700012207,273.3800048828,down
2020-11-03,273.1600036621,283.5,270.0,280.3699951172,up
2020-11-04,293.4899902344,307.4599914551,291.0700073242,306.1900024414,up
2020-11-05,314.3900146484,314.7300109863,299.5369873047,307.5400085449,up
2020-11-06,302.8900146484,305.299987793,288.200012207,292.1300048828,down
2020-11-09,280.0,287.6499938965,266.1400146484,274.0,down
2020-11-10,270.0,274.5450134277,254.8200073242,266.2600097656,down
2020-11-11,268.0700073242,281.0809936523,266.6000061035,279.1700134277,up
2020-11-12,280.5700073242,288.75,278.75,285.6700134277,up
2020-11-13,281.0899963379,286.3399963379,271.8559875488,274.4299926758,down
2020-11-16,272.1600036621,284.9200134277,270.700012207,278.5199890137,up
